[
  {
    "image": "https://images.pexels.com/photos/16747499/pexels-photo-16747499/free-photo-of-wooden-entrance-door-of-a-townhouse.jpeg?auto=compress&cs=tinysrgb&dpr=1&w=500",
    "caption": "Step into a world of elegance and charm with this beautiful entrance door of a townhouse. The intricate details and warm wooden tones create a welcoming atmosphere that is sure to impress any visitor. Experience the timeless appeal of this architectural masterpiece.",
    "type": "image",
    "source_type": "facebook",
    "source_link": "https://www.facebook.com/EmbedSocial/",
    "date": "2018-03-12 03:00:00",
    "likes": "123",
    "name": "Emma Johnson",
    "profile_image": "https://images.pexels.com/photos/2726111/pexels-photo-2726111.jpeg?auto=compress&cs=tinysrgb&dpr=1&w=500"
  },
  {
    "image": "https://images.pexels.com/photos/17005348/pexels-photo-17005348/free-photo-of-art-garden-leaf-flower.jpeg?auto=compress&cs=tinysrgb&dpr=1&w=500",
    "caption": "Immerse yourself in the mesmerizing beauty of this artistic garden. The vibrant colors of the leaves and flowers create a harmonious blend that sparks joy and creativity. Take a stroll through this botanical wonderland and let nature's artistry inspire your soul.",
    "type": "image",
    "source_type": "instagram",
    "source_link": "https://instagram.com/embedsocial/",
    "date": "2019-01-12 03:00:00",
    "likes": "0",
    "name": "Oliver Taylor",
    "profile_image": "https://images.pexels.com/photos/3763188/pexels-photo-3763188.jpeg?auto=compress&cs=tinysrgb&dpr=1&w=500"
  },
  {
    "image": "https://images.pexels.com/photos/9648049/pexels-photo-9648049.jpeg?auto=compress&cs=tinysrgb&dpr=1&w=500",
    "caption": "Experience the breathtaking beauty of this stunning landscape. As the sun sets on the horizon, the sky is painted with hues of orange, pink, and purple, creating a magical atmosphere. Let your imagination soar as you immerse yourself in the tranquility of this natural masterpiece.",
    "type": "image",
    "source_type": "facebook",
    "source_link": "https://instagram.com/embedsocial/",
    "date": "2017-01-21 03:00:00",
    "likes": "9866555",
    "name": "Sophia Clark",
    "profile_image": "https://images.pexels.com/photos/774909/pexels-photo-774909.jpeg?auto=compress&cs=tinysrgb&dpr=1&w=500"
  },
  {
    "image": "https://images.pexels.com/photos/16035587/pexels-photo-16035587/free-photo-of-flowers-hanging-on-house-windows.jpeg?auto=compress&cs=tinysrgb&dpr=1&w=500",
    "caption": "Indulge your senses in the beauty of nature with these charming flowers hanging on house windows. The vibrant colors and delicate petals add a touch of elegance to any home. Let the sweet scent of these blossoms fill your space and create a serene ambiance that will brighten your day.",
    "type": "image",
    "source_type": "facebook",
    "source_link": "https://www.facebook.com/EmbedSocial/",
    "date": "2019-12-12 03:00:00",
    "likes": "2",
    "name": "Noah Anderson",
    "profile_image": "https://images.pexels.com/photos/3785424/pexels-photo-3785424.jpeg?auto=compress&cs=tinysrgb&dpr=1&w=500"
  },
  {
    "image": "https://images.pexels.com/photos/14421162/pexels-photo-14421162.jpeg?auto=compress&cs=tinysrgb&dpr=1&w=500",
    "caption": "Immerse yourself in the enchanting beauty of this mesmerizing landscape. The lush greenery, towering trees, and serene lake create a tranquil oasis that offers a sense of peace and serenity. Let the beauty of nature embrace your soul and transport you to a world of calm and relaxation.",
    "type": "image",
    "source_type": "facebook",
    "source_link": "https://instagram.com/embedsocial/",
    "date": "2018-04-12 03:00:00",
    "likes": "12343",
    "name": "Isabella Martinez",
    "profile_image": "https://images.pexels.com/photos/3851312/pexels-photo-3851312.jpeg?auto=compress&cs=tinysrgb&dpr=1&w=500"
  },
  {
    "image": "https://images.pexels.com/photos/13059363/pexels-photo-13059363.jpeg?auto=compress&cs=tinysrgb&dpr=1&w=500",
    "caption": "Witness the magic of a captivating sunset by the beach. The golden hues reflecting on the water create a mesmerizing sight that will leave you in awe. Let the gentle breeze and soothing sound of the waves transport you to a place of tranquility and serenity.",
    "type": "image",
    "source_type": "facebook",
    "source_link": "https://www.facebook.com/EmbedSocial/",
    "date": "2019-12-12 03:00:00",
    "likes": "123",
    "name": "Liam Wilson",
    "profile_image": "https://images.pexels.com/photos/2589653/pexels-photo-2589653.jpeg?auto=compress&cs=tinysrgb&dpr=1&w=500"
  },
  {
    "image": "https://images.pexels.com/photos/15227233/pexels-photo-15227233/free-photo-of-coconut-leaf.png?auto=compress&cs=tinysrgb&dpr=1&w=500",
    "caption": "Get lost in the allure of this captivating coconut leaf. Its intricate patterns and vibrant shades of green are a testament to nature's artistry. Imagine yourself in a tropical paradise, basking in the gentle warmth of the sun and sipping on a refreshing coconut drink.",
    "type": "image",
    "source_type": "facebook",
    "source_link": "https://www.facebook.com/EmbedSocial/",
    "date": "2019-12-12 03:00:00",
    "likes": "12",
    "name": "Mia Thompson",
    "profile_image": "https://images.pexels.com/photos/634021/pexels-photo-634021.jpeg?auto=compress&cs=tinysrgb&dpr=1&w=500"
  },
  {
    "image": "https://images.pexels.com/photos/16177509/pexels-photo-16177509/free-photo-of-city-vacation-art-france.jpeg?auto=compress&cs=tinysrgb&dpr=1&w=500",
    "caption": "Experience the vibrant charm of the city with this captivating view of the streets of France. The lively atmosphere, beautiful architecture, and bustling cafes create a captivating tapestry that showcases the essence of this enchanting destination. Let the spirit of adventure lead you through the hidden gems of this vibrant city.",
    "type": "image",
    "source_type": "facebook",
    "source_link": "https://instagram.com/embedsocial/",
    "date": "2017-12-12 03:00:00",
    "likes": "23",
    "name": "Ethan Davis",
    "profile_image": "https://images.pexels.com/photos/4906334/pexels-photo-4906334.jpeg?auto=compress&cs=tinysrgb&dpr=1&w=500"
  },
  {
    "image": "https://images.pexels.com/photos/6073156/pexels-photo-6073156.jpeg?auto=compress&cs=tinysrgb&dpr=1&w=500",
    "caption": "Discover the hidden treasures of this vibrant city. From its iconic landmarks to its charming streets, every corner tells a story waiting to be explored. Immerse yourself in the rich culture, indulge in delicious cuisine, and create memories that will last a lifetime.",
    "type": "image",
    "source_type": "facebook",
    "source_link": "https://www.facebook.com/EmbedSocial/",
    "date": "2017-12-08 03:00:00",
    "likes": "0",
    "name": "Ava Johnson",
    "profile_image": "https://images.pexels.com/photos/10669639/pexels-photo-10669639.jpeg?auto=compress&cs=tinysrgb&dpr=1&w=500"
  },
  {
    "image": "https://images.pexels.com/photos/5721941/pexels-photo-5721941.jpeg?auto=compress&cs=tinysrgb&dpr=1&w=500",
    "caption": "Immerse yourself in the timeless beauty of this captivating nature scene. The majestic mountains, serene lake, and lush greenery create a picturesque landscape that will take your breath away. Let the tranquility of this natural masterpiece rejuvenate your soul and awaken your sense of wonder.",
    "type": "image",
    "source_type": "facebook",
    "source_link": "https://www.facebook.com/EmbedSocial/",
    "date": "2019-02-12 03:00:00",
    "likes": "0",
    "name": "Liam Wilson",
    "profile_image": "https://images.pexels.com/photos/13143554/pexels-photo-13143554.jpeg?auto=compress&cs=tinysrgb&dpr=1&w=500"
  },
  {
    "image": "https://images.pexels.com/photos/534090/pexels-photo-534090.jpeg?auto=compress&cs=tinysrgb&dpr=1&w=500",
    "caption": "Unwind and relax in the lap of luxury with this stunning beachfront view. Feel the soft sand between your toes, listen to the gentle waves, and let the warm sun envelop you in its embrace. Indulge in the ultimate beach getaway and create memories that will last a lifetime.",
    "type": "image",
    "source_type": "facebook",
    "source_link": "https://www.facebook.com/EmbedSocial/",
    "date": "2019-12-12 03:00:00",
    "likes": "2",
    "name": "Sophia Clark",
    "profile_image": "https://images.pexels.com/photos/6718538/pexels-photo-6718538.jpeg?auto=compress&cs=tinysrgb&dpr=1&w=500"
  },
  {
    "image": "https://images.pexels.com/photos/532168/pexels-photo-532168.jpeg?auto=compress&cs=tinysrgb&dpr=1&w=500",
    "caption": "Experience the serenity of a tranquil garden. The vibrant flowers, lush greenery, and peaceful ambiance create a perfect retreat from the hustle and bustle of everyday life. Take a moment to relax, recharge, and appreciate the beauty that surrounds you.",
    "type": "image",
    "source_type": "facebook",
    "source_link": "https://instagram.com/embedsocial/",
    "date": "2020-12-12 03:00:00",
    "likes": "1",
    "name": "Oliver Taylor",
    "profile_image": "https://images.pexels.com/photos/16869355/pexels-photo-16869355/free-photo-of-black-and-white-shot-of-a-man-in-a-suit.jpeg?auto=compress&cs=tinysrgb&dpr=1&w=500"
  },
  {
    "image": "https://images.pexels.com/photos/3338497/pexels-photo-3338497.jpeg?auto=compress&cs=tinysrgb&dpr=1&w=500",
    "caption": "Discover the hidden gems of this charming town. From its historic architecture to its vibrant culture, every corner tells a story waiting to be explored. Lose yourself in its quaint streets, indulge in local delicacies, and create memories that will last a lifetime.",
    "type": "image",
    "source_type": "facebook",
    "source_link": "https://www.facebook.com/EmbedSocial/",
    "date": "2019-12-15 03:00:00",
    "likes": "2324",
    "name": "Emma Johnson",
    "profile_image": "https://images.pexels.com/photos/4153799/pexels-photo-4153799.jpeg?auto=compress&cs=tinysrgb&dpr=1&w=500"
  },
  {
    "image": "https://images.pexels.com/photos/132428/pexels-photo-132428.jpeg?auto=compress&cs=tinysrgb&dpr=1&w=500",
    "caption": "Indulge in the beauty of this mesmerizing waterfall. As the water cascades down the rocks, a sense of tranquility and awe washes over you. Let the soothing sound of nature's symphony melt away your worries and transport you to a world of serenity and peace.",
    "type": "image",
    "source_type": "facebook",
    "source_link": "https://www.facebook.com/EmbedSocial/",
    "date": "2019-10-12 03:00:00",
    "likes": "1223",
    "name": "Noah Anderson",
    "profile_image": "https://images.pexels.com/photos/5055815/pexels-photo-5055815.jpeg?auto=compress&cs=tinysrgb&dpr=1&w=500"
  },
  {
    "image": "https://images.pexels.com/photos/2894962/pexels-photo-2894962.jpeg?auto=compress&cs=tinysrgb&dpr=1&w=500",
    "caption": "Step into a world of enchantment with this ethereal forest scene. The sun-kissed trees, dappled light, and moss-covered ground create an otherworldly atmosphere that invites you to explore. Lose yourself in the beauty of nature and let your imagination run wild.",
    "type": "image",
    "source_type": "facebook",
    "source_link": "https://instagram.com/embedsocial/",
    "date": "2016-12-12 03:00:00",
    "likes": "12223",
    "name": "Olivia Martinez",
    "profile_image": "https://images.pexels.com/photos/4974345/pexels-photo-4974345.jpeg?auto=compress&cs=tinysrgb&dpr=1&w=500"
  },
  {
    "image": "https://images.pexels.com/photos/1410235/pexels-photo-1410235.jpeg?auto=compress&cs=tinysrgb&dpr=1&w=500",
    "caption": "Immerse yourself in the breathtaking beauty of this majestic waterfall. The sheer power and grandeur of the cascading water create a mesmerizing spectacle that will leave you in awe. Feel the mist on your skin, hear the roar of the water, and let nature's magnificence fill your soul.",
    "type": "image",
    "source_type": "facebook",
    "source_link": "https://www.facebook.com/EmbedSocial/",
    "date": "2017-12-12 03:00:00",
    "likes": "0",
    "name": "Sophia Clark",
    "profile_image": "https://images.pexels.com/photos/7585607/pexels-photo-7585607.jpeg?auto=compress&cs=tinysrgb&dpr=1&w=500"
  },
  {
    "image": "https://placekitten.com/600/410",
    "caption": "Step into a world of whimsy with this adorable kitten. Its playful antics and innocent gaze will warm your heart and bring a smile to your face. Embrace the joy and happiness that pets bring into our lives and cherish every precious moment spent with them.",
    "type": "image",
    "source_type": "instagram",
    "source_link": "https://instagram.com/embedsocial/",
    "date": "2019-01-12 03:00:00",
    "likes": "0",
    "name": "Ava Johnson",
    "profile_image": "https://placekitten.com/g/150/100"
  },
  {
    "image": "https://images.pexels.com/photos/133396/pexels-photo-133396.jpeg?auto=compress&cs=tinysrgb&dpr=1&w=500",
    "caption": "Immerse yourself in the beauty of simplicity with this captivating minimalist scene. The clean lines, neutral colors, and uncluttered space create a sense of calm and tranquility. Embrace the elegance of minimalism and let it inspire a sense of peace in your life.",
    "type": "image",
    "source_type": "facebook",
    "source_link": "https://instagram.com/embedsocial/",
    "date": "2017-01-21 03:00:00",
    "likes": "9866555",
    "name": "Oliver Taylor",
    "profile_image": "https://images.pexels.com/photos/9558758/pexels-photo-9558758.jpeg?auto=compress&cs=tinysrgb&dpr=1&w=500"
  },
  {
    "image": "https://images.pexels.com/photos/2360684/pexels-photo-2360684.jpeg?auto=compress&cs=tinysrgb&dpr=1&w=500",
    "caption": "Experience the magic of twilight with this breathtaking sunset. As the vibrant colors paint the sky, a sense of wonder and serenity washes over you. Let the beauty of nature's canvas remind you of the simple joys in life and fill your heart with gratitude.",
    "type": "image",
    "source_type": "facebook",
    "source_link": "https://www.facebook.com/EmbedSocial/",
    "date": "2019-12-12 03:00:00",
    "likes": "2",
    "name": "Emma Johnson",
    "profile_image": "https://images.pexels.com/photos/4917824/pexels-photo-4917824.jpeg?auto=compress&cs=tinysrgb&dpr=1&w=500"
  },
  {
    "image": "https://images.pexels.com/photos/4113834/pexels-photo-4113834.jpeg?auto=compress&cs=tinysrgb&dpr=1&w=500",
    "caption": "Embark on a culinary journey with this delicious feast for the senses. The vibrant colors, enticing aromas, and exquisite flavors will tantalize your taste buds and transport you to a world of gastronomic delight. Indulge in the art of food and savor every bite.",
    "type": "image",
    "source_type": "facebook",
    "source_link": "https://instagram.com/embedsocial/",
    "date": "2018-04-12 03:00:00",
    "likes": "12343",
    "name": "Noah Anderson",
    "profile_image": "https://images.pexels.com/photos/5044197/pexels-photo-5044197.jpeg?auto=compress&cs=tinysrgb&dpr=1&w=500"
  }
]
